ZIP,residential_mwh_sales,num_customers,state,population,median_income,median_year_structure_built,total_occupied_units,renter_occupied_units,city,electricity_per_customer,electricity_per_capita,renter_occupancy_rate,housing_age,income_log,household_size,cluster
10001,17799.76,3805,NY,27004,106509.0,1969.0,14375,10953,NYC,4.677992115637319,0.6591527181158346,0.7619478260869565,53.0,11.575994156437211,1.8785391304347827,0
10002,17799.76,3805,NY,76518,43362.0,1952.0,36028,29804,NYC,4.677992115637319,0.2326218667503071,0.8272454757410903,70.0,10.677361821912017,2.123848118130343,5
10003,17799.76,3805,NY,53877,152863.0,1938.0,24987,16060,NYC,4.677992115637319,0.33037771219629897,0.6427342217953336,84.0,11.937303916189688,2.156201224636811,0
10004,17799.76,3805,NY,4579,232543.0,1938.0,2123,1230,NYC,4.677992115637319,3.8872592269054373,0.5793688177107866,84.0,12.356834733416363,2.1568535091851153,1
10005,17799.76,3805,NY,8801,189886.0,1938.0,4881,4067,NYC,4.677992115637319,2.0224701738438813,0.8332308953083385,84.0,12.15418443737441,1.8031141159598443,0
10006,17799.76,3805,NY,3736,204574.0,1938.0,2046,1683,NYC,4.677992115637319,4.764389721627409,0.8225806451612904,84.0,12.228689935395582,1.826001955034213,1
10007,17799.76,3805,NY,7506,250001.0,1987.0,3084,2031,NYC,4.677992115637319,2.3714042099653607,0.6585603112840467,35.0,12.429224196812383,2.433852140077821,4
10009,17799.76,3805,NY,58418,83344.0,1946.0,29670,26835,NYC,4.677992115637319,0.30469649765483237,0.9044489383215369,76.0,11.330743898377188,1.9689248399056285,0
10010,17799.76,3805,NY,32410,150288.0,1955.0,16050,11422,NYC,4.677992115637319,0.5492058006788028,0.7116510903426791,67.0,11.920315386103356,2.0193146417445482,0
10011,17799.76,3805,NY,50772,145934.0,1938.0,28874,18316,NYC,4.677992115637319,0.3505822106672969,0.634342314885364,84.0,11.890916596077638,1.7583985592574634,0
10012,17799.76,3805,NY,21216,126890.0,1938.0,11529,9174,NYC,4.677992115637319,0.8389781297134238,0.7957325006505335,84.0,11.75108372920158,1.8402289877699713,0
10013,17799.76,3805,NY,29453,150675.0,1938.0,12753,8994,NYC,4.677992115637319,0.6043445489423828,0.7052458245118796,84.0,11.922887115130283,2.309495804908649,0
10014,17799.76,3805,NY,29461,147267.0,1938.0,17504,12530,NYC,4.677992115637319,0.604180441940192,0.7158363802559415,84.0,11.900009335129587,1.6831010054844606,0
10016,17799.76,3805,NY,54369,145864.0,1966.0,30162,21938,NYC,4.677992115637319,0.3273880336221008,0.7273390358729527,56.0,11.890436815396741,1.802566142828725,0
10017,17799.76,3805,NY,14486,139964.0,1958.0,9155,6356,NYC,4.677992115637319,1.2287560403147866,0.6942654287274713,64.0,11.849147670336231,1.5823047515019115,0
10018,17799.76,3805,NY,8659,149118.0,2004.0,4704,4120,NYC,4.677992115637319,2.055636909573854,0.8758503401360545,18.0,11.91249992388835,1.8407738095238095,4
10019,17799.76,3805,NY,42766,113335.0,1967.0,26297,20245,NYC,4.677992115637319,0.4162128793901697,0.7698596798113854,55.0,11.638112137059187,1.6262691561775107,0
10021,17799.76,3805,NY,40642,149432.0,1962.0,20568,11389,NYC,4.677992115637319,0.43796466709315485,0.5537242318164138,60.0,11.914603410823814,1.9759821081291327,0
10022,17799.76,3805,NY,33586,161236.0,1959.0,18153,9288,NYC,4.677992115637319,0.5299755850652057,0.51165096678235,63.0,11.990630611253001,1.8501625075745056,0
10023,17799.76,3805,NY,65706,151468.0,1951.0,35742,22108,NYC,4.677992115637319,0.27090007000882715,0.6185440098483577,71.0,11.928136262531892,1.8383414470370991,0
10024,17799.76,3805,NY,62774,166994.0,1938.0,29472,18178,NYC,4.677992115637319,0.2835530633701851,0.6167888165038002,84.0,12.025719150830918,2.1299538545059717,0
10025,17799.76,3805,NY,96988,106916.0,1938.0,41653,28538,NYC,4.677992115637319,0.18352538458365983,0.6851367248457494,84.0,11.57980811149782,2.328475740042734,0
10026,17799.76,3805,NY,38265,68831.0,1947.0,15237,12223,NYC,4.677992115637319,0.4651707826995949,0.8021920325523397,75.0,11.139424032067456,2.511321126205946,5
10027,17799.76,3805,NY,65806,63125.0,1938.0,24387,21138,NYC,4.677992115637319,0.27048840531258544,0.8667732808463525,84.0,11.052888008036343,2.698404887850084,5
10028,17799.76,3805,NY,45717,160244.0,1956.0,24440,15727,NYC,4.677992115637319,0.3893466325436927,0.643494271685761,66.0,11.984459173048098,1.8705810147299509,0
10029,17799.76,3805,NY,75614,35640.0,1962.0,33406,31122,NYC,4.677992115637319,0.23540296770439334,0.931629048673891,60.0,10.481251939552509,2.263485601388972,5
10030,17799.76,3805,NY,31268,47765.0,1938.0,13097,11216,NYC,4.677992115637319,0.5692644236919534,0.8563793235092005,84.0,10.774069368316633,2.38741696571734,5
10031,17799.76,3805,NY,61044,64807.0,1938.0,22037,19171,NYC,4.677992115637319,0.291589017757683,0.8699459999092436,84.0,11.079184331510326,2.770068521123565,5
10032,17799.76,3805,NY,60480,56752.0,1938.0,22285,20214,NYC,4.677992115637319,0.29430820105820105,0.9070675342158403,84.0,10.94646379738255,2.7139331388826564,5
10033,17799.76,3805,NY,58711,77209.0,1938.0,20521,17498,NYC,4.677992115637319,0.30317589548806867,0.8526874908630184,84.0,11.254284261302862,2.8610204181082795,5
10034,17799.76,3805,NY,41570,65109.0,1938.0,15879,14430,NYC,4.677992115637319,0.4281876353139283,0.9087474022293596,84.0,11.083833426230909,2.6179230430127842,5
10035,17799.76,3805,NY,38595,36989.0,1970.0,14833,13388,NYC,4.677992115637319,0.46119341883663684,0.9025820804961909,52.0,10.5184028848265,2.6019685835636754,5
10036,17799.76,3805,NY,30930,102287.0,1982.0,18916,17353,NYC,4.677992115637319,0.5754852893630779,0.9173715373229012,40.0,11.535547643006508,1.6351237048001692,4
10037,17799.76,3805,NY,19138,50177.0,1960.0,10103,9420,NYC,4.677992115637319,0.9300741979308181,0.9323963179253687,62.0,10.823331962609581,1.894288825101455,5
10038,17799.76,3805,NY,23343,99641.0,1965.0,10646,7787,NYC,4.677992115637319,0.7625309514629652,0.7314484313357129,57.0,11.509339041434808,2.1926545181288746,0
10039,17799.76,3805,NY,29887,51904.0,1960.0,12177,10363,NYC,4.677992115637319,0.5955686418844313,0.8510306315184364,62.0,10.857170403627347,2.4543812104787714,5
10040,17799.76,3805,NY,43653,59115.0,1938.0,16541,14099,NYC,4.677992115637319,0.4077557098023045,0.8523668460189832,84.0,10.987256894334463,2.6390786530439514,5
10044,17799.76,3805,NY,11846,120759.0,1980.0,5039,3994,NYC,4.677992115637319,1.5025966570994427,0.7926175828537408,42.0,11.701560383820775,2.3508632665211353,4
10065,17799.76,3805,NY,30859,158276.0,1955.0,16113,10877,NYC,4.677992115637319,0.5768093586960044,0.6750449947247564,67.0,11.972101941566892,1.9151616707006764,0
10069,17799.76,3805,NY,6259,197680.0,2005.0,3142,2118,NYC,4.677992115637319,2.8438664323374336,0.6740929344366645,17.0,12.194409899330394,1.9920432845321452,4
10075,17799.76,3805,NY,23920,140736.0,1956.0,12839,7021,NYC,4.677992115637319,0.7441371237458193,0.5468494431030454,66.0,11.85464817939169,1.8630734480878572,0
10128,17799.76,3805,NY,56695,137253.0,1960.0,29328,20244,NYC,4.677992115637319,0.3139564335479319,0.6902618657937807,62.0,11.829588502845098,1.9331355701036552,0
10162,17799.76,3805,NY,1523,105391.0,1966.0,896,896,NYC,4.677992115637319,11.687301378857518,1.0,56.0,11.565442010880474,1.6997767857142858,1
10280,17799.76,3805,NY,8843,206150.0,1985.0,4293,2948,NYC,4.677992115637319,2.012864412529684,0.6866992778942465,37.0,12.23636418896005,2.0598648963428836,4
10282,17799.76,3805,NY,6450,250001.0,2000.0,2635,2395,NYC,4.677992115637319,2.759652713178294,0.9089184060721063,22.0,12.429224196812383,2.447817836812144,4
10301,17799.76,3805,NY,40331,84855.0,1951.0,14400,7765,NYC,4.677992115637319,0.4413418958121544,0.5392361111111111,71.0,11.348710981185306,2.800763888888889,0
10302,17799.76,3805,NY,18567,75588.0,1949.0,5945,2616,NYC,4.677992115637319,0.958677223030107,0.4400336417157275,73.0,11.233066048935585,3.1231286795626576,0
10303,17799.76,3805,NY,27083,78578.0,1980.0,8675,3141,NYC,4.677992115637319,0.6572299966768821,0.3620749279538905,42.0,11.271859767147028,3.1219596541786743,2
10304,17799.76,3805,NY,44864,69479.0,1968.0,15553,7797,NYC,4.677992115637319,0.39674928673323817,0.5013180736835338,54.0,11.148794220355041,2.8845881823442423,0
10305,17799.76,3805,NY,42211,84764.0,1972.0,15780,5400,NYC,4.677992115637319,0.4216853426831868,0.34220532319391633,50.0,11.347638000732053,2.6749683143219265,2
10306,17799.76,3805,NY,56232,94758.0,1967.0,19872,5480,NYC,4.677992115637319,0.31654147104851327,0.2757648953301127,55.0,11.4590921052411,2.829710144927536,2
10307,17799.76,3805,NY,14755,124738.0,1988.0,5217,1001,NYC,4.677992115637319,1.2063544561165704,0.1918727237876174,34.0,11.733978833373296,2.828253785700594,2
10308,17799.76,3805,NY,30075,122647.0,1974.0,10472,2185,NYC,4.677992115637319,0.5918457190357439,0.2086516424751719,48.0,11.71707374299029,2.87194423223835,2
10309,17799.76,3805,NY,34740,110123.0,1988.0,11792,2361,NYC,4.677992115637319,0.5123707541738629,0.20022048846675713,34.0,11.609362282607014,2.94606512890095,2
10310,17799.76,3805,NY,26239,105523.0,1950.0,9145,3807,NYC,4.677992115637319,0.6783703647242654,0.4162930563149262,72.0,11.566693694178412,2.869218151995626,0
10312,17799.76,3805,NY,63473,107414.0,1981.0,21324,3851,NYC,4.677992115637319,0.2804304192333748,0.18059463515287938,41.0,11.58445511610915,2.976599137122491,2
10314,17799.76,3805,NY,94355,103436.0,1975.0,31825,7934,NYC,4.677992115637319,0.18864670658682633,0.24930086410054988,47.0,11.546718010704978,2.9648075412411625,2
10451,17799.76,3805,NY,51311,34316.0,1964.0,20965,17992,NYC,4.677992115637319,0.34689949523493985,0.8581922251371333,58.0,10.443396137193783,2.4474600524684,5
10452,17799.76,3805,NY,78624,36536.0,1953.0,28260,27327,NYC,4.677992115637319,0.22639092389092388,0.9669851380042462,69.0,10.50608072475522,2.7821656050955412,5
10453,17799.76,3805,NY,80385,34800.0,1946.0,28456,27118,NYC,4.677992115637319,0.22143136157243265,0.9529800393590104,76.0,10.457401400981889,2.8248875456845655,5
10454,17799.76,3805,NY,41073,26400.0,1963.0,14737,13897,NYC,4.677992115637319,0.43336887979938155,0.9430006107077424,59.0,10.181157167204903,2.7870665671439236,5
10455,17799.76,3805,NY,44380,35813.0,1964.0,16254,14347,NYC,4.677992115637319,0.4010761604326273,0.8826750338378245,58.0,10.486094157396705,2.730404823428079,5
10456,17799.76,3805,NY,88575,33317.0,1962.0,32370,30349,NYC,4.677992115637319,0.2009569291560824,0.9375656472042014,60.0,10.413853070469662,2.736329935125116,5
10457,17799.76,3805,NY,79817,41145.0,1957.0,26163,24527,NYC,4.677992115637319,0.22300712880714632,0.9374689446928869,65.0,10.624881996034176,3.0507587050414706,5
10458,17799.76,3805,NY,82678,41550.0,1938.0,29116,27906,NYC,4.677992115637319,0.21529016183265196,0.9584420936941888,84.0,10.634676867382668,2.839607088885836,5
10459,17799.76,3805,NY,51964,41270.0,1979.0,17805,15504,NYC,4.677992115637319,0.3425402201524132,0.8707666385846672,43.0,10.627915353129104,2.918506037629879,5
10460,17799.76,3805,NY,59852,33080.0,1960.0,21814,19598,NYC,4.677992115637319,0.2973962440687028,0.8984138626570093,62.0,10.406714378426788,2.743742550655542,5
10461,17799.76,3805,NY,50868,64444.0,1950.0,18807,12874,NYC,4.677992115637319,0.3499205787528505,0.6845323549742117,72.0,11.07356742583888,2.704737597702983,5
10462,17799.76,3805,NY,77230,63431.0,1944.0,29806,23203,NYC,4.677992115637319,0.23047727567007636,0.7784674226665772,78.0,11.057723744952234,2.5910890424746693,5
10463,17799.76,3805,NY,70296,66780.0,1954.0,29607,19390,NYC,4.677992115637319,0.25321156253556387,0.6549126895666565,68.0,11.109173887928804,2.374303374202047,5
10464,17799.76,3805,NY,4292,129109.0,1938.0,1990,672,NYC,4.677992115637319,4.147194780987884,0.33768844221105526,84.0,11.768420033168765,2.15678391959799,1
10465,17799.76,3805,NY,46311,85946.0,1957.0,16168,7257,NYC,4.677992115637319,0.3843527455680076,0.44884957941613063,65.0,11.361486106187874,2.8643617021276597,0
10466,17799.76,3805,NY,72273,60892.0,1950.0,24622,14812,NYC,4.677992115637319,0.2462850580438061,0.601575826496629,72.0,11.016873504562854,2.9353017626512874,5
10467,17799.76,3805,NY,98713,46228.0,1945.0,38433,33177,NYC,4.677992115637319,0.1803182964756415,0.8632425259542581,77.0,10.74136258577276,2.568443785288684,5
10468,17799.76,3805,NY,81397,43985.0,1938.0,28228,26081,NYC,4.677992115637319,0.21867832966816958,0.9239407680317415,84.0,10.691626680451641,2.8835553351282415,5
10469,17799.76,3805,NY,71862,76731.0,1953.0,23337,11387,NYC,4.677992115637319,0.24769363502268235,0.4879376098041736,69.0,11.248074110256228,3.0793161074688262,0
10470,17799.76,3805,NY,15390,75750.0,1942.0,6351,4022,NYC,4.677992115637319,1.1565795971410004,0.6332860966776885,80.0,11.235206924604611,2.423240434577232,0
10471,17799.76,3805,NY,22888,111418.0,1956.0,8924,3927,NYC,4.677992115637319,0.7776896190143305,0.4400493052442851,66.0,11.621053148485167,2.564769161810847,0
10472,17799.76,3805,NY,65283,40025.0,1948.0,22114,18429,NYC,4.677992115637319,0.27265536203912194,0.8333634801483223,74.0,10.59728452193757,2.952111784389979,5
10473,17799.76,3805,NY,60087,51379.0,1965.0,22795,16347,NYC,4.677992115637319,0.29623312863015294,0.7171309497696864,57.0,10.847004270663875,2.6359728010528625,5
10474,17799.76,3805,NY,11280,40795.0,1953.0,3808,3428,NYC,4.677992115637319,1.5779929078014183,0.9002100840336135,69.0,10.616339316370409,2.96218487394958,5
10475,17799.76,3805,NY,43517,57003.0,1965.0,18383,10633,NYC,4.677992115637319,0.4090300342394926,0.5784148397976391,57.0,10.950876719793103,2.367241473100147,5
11004,40266.01,6262,NY,15702,112311.0,1954.0,5290,1702,NYC,6.430215586074737,2.56438733919246,0.3217391304347826,68.0,11.629035991651786,2.968241965973535,2
11005,17799.76,3805,NY,2175,81328.0,1974.0,1555,94,NYC,4.677992115637319,8.183797701149425,0.06045016077170418,48.0,11.306257935499344,1.3987138263665595,1
11010,22466.24,2456,NY,25751,136378.0,1953.0,8278,1348,NYC,9.147491856677526,0.8724414585841327,0.1628412660062817,69.0,11.823193053594322,3.1107755496496736,2
11020,22466.24,2456,NY,6145,173345.0,1953.0,1793,229,NYC,9.147491856677526,3.656019528071603,0.12771890686001117,69.0,12.06304487614259,3.427216954824317,2
11021,22466.24,2456,NY,19623,111777.0,1954.0,8151,2443,NYC,9.147491856677526,1.1448932375273915,0.2997178260336155,68.0,11.624270040375196,2.4074346705925653,2
11023,22466.24,2456,NY,9699,146563.0,1954.0,3011,457,NYC,9.147491856677526,2.3163460150530986,0.1517768183327798,68.0,11.895217472111941,3.2211889737628696,2
11024,22466.24,2456,NY,9105,160273.0,1957.0,2260,442,NYC,9.147491856677526,2.467461834157057,0.19557522123893806,65.0,11.98464012955975,4.028761061946903,2
11030,22466.24,2456,NY,17168,232821.0,1950.0,5867,618,NYC,9.147491856677526,1.3086113699906805,0.10533492415203681,72.0,12.358029492092626,2.9261973751491395,2
11040,40266.01,6262,NY,42140,144174.0,1952.0,13670,1686,NYC,6.430215586074737,0.955529425723778,0.12333577176298464,70.0,11.878783118483613,3.0826627651792244,2
11050,22466.24,2456,NY,31920,152020.0,1960.0,11603,3599,NYC,9.147491856677526,0.7038295739348371,0.31017840213737824,62.0,11.931773948180227,2.751012669137292,2
11096,40266.01,6262,NY,9567,72348.0,1950.0,2558,1356,NYC,6.430215586074737,4.208843942719766,0.5301016419077405,72.0,11.18925691026404,3.740031274433151,1
11101,17799.76,3805,NY,34279,109625.0,2008.0,16488,14137,NYC,4.677992115637319,0.5192613553487557,0.8574114507520622,14.0,11.604829851639721,2.0790271712760795,4
11102,17799.76,3805,NY,27069,103409.0,1948.0,12164,10302,NYC,4.677992115637319,0.6575699139236765,0.8469253535021375,74.0,11.54645694817902,2.2253370601775733,0
11103,17799.76,3805,NY,34752,88116.0,1941.0,15516,12993,NYC,4.677992115637319,0.5121938305709024,0.8373936581593194,81.0,11.38642075585196,2.239752513534416,0
11104,17799.76,3805,NY,26939,83493.0,1941.0,11991,9575,NYC,4.677992115637319,0.6607431604736627,0.7985155533316655,81.0,11.332530051969735,2.2466016178800765,0
11105,17799.76,3805,NY,38756,97233.0,1941.0,15851,11537,NYC,4.677992115637319,0.4592775312209722,0.7278405147940193,81.0,11.484875723523471,2.4450192416882217,0
11106,17799.76,3805,NY,40198,81729.0,1948.0,18516,15141,NYC,4.677992115637319,0.442802129459177,0.8177252106286454,74.0,11.311176410510175,2.1709872542665805,0
11109,17799.76,3805,NY,7280,173939.0,2010.0,3326,2485,NYC,4.677992115637319,2.4450219780219777,0.7471437161755863,12.0,12.066465691143756,2.1888153938665065,4
11201,17799.76,3805,NY,69755,163310.0,1954.0,32227,21015,NYC,4.677992115637319,0.25517539961293095,0.6520929655258013,68.0,12.003411637375782,2.1644894032953736,0
11203,17799.76,3805,NY,78506,68006.0,1938.0,29411,17915,NYC,4.677992115637319,0.22673120525819682,0.609125837271769,84.0,11.127365920036635,2.6692734011084287,5
11204,17799.76,3805,NY,80575,64172.0,1938.0,25118,16086,NYC,4.677992115637319,0.22090921501706481,0.6404172306712318,84.0,11.069337840469915,3.2078589059638505,5
11205,17799.76,3805,NY,50319,74839.0,1947.0,16861,11964,NYC,4.677992115637319,0.35373834933126647,0.7095664551331475,75.0,11.223107780388025,2.984342565684123,5
11206,17799.76,3805,NY,89949,51507.0,1963.0,32698,29069,NYC,4.677992115637319,0.19788724721786788,0.889014618631109,59.0,10.849492414393675,2.7509021958529574,5
11207,17799.76,3805,NY,96801,52569.0,1952.0,34831,24906,NYC,4.677992115637319,0.18387991859588226,0.715052682954839,70.0,10.869900893813494,2.779162240532859,5
11208,17799.76,3805,NY,108180,56298.0,1951.0,34321,24808,NYC,4.677992115637319,0.16453836198927713,0.7228227615745462,71.0,10.938432051980692,3.152006060429475,5
11209,17799.76,3805,NY,71812,88546.0,1938.0,30179,19259,NYC,4.677992115637319,0.24786609480309696,0.6381589847244773,84.0,11.391288763472755,2.379535438549985,0
11210,17799.76,3805,NY,63426,82904.0,1938.0,21652,12248,NYC,4.677992115637319,0.28063822407214706,0.5656752263070386,84.0,11.325450652935473,2.9293367818215406,0
11211,17799.76,3805,NY,65511,94824.0,1948.0,26822,22846,NYC,4.677992115637319,0.27170643098105657,0.851763477742152,74.0,11.459788366557099,2.442435314294236,0
11212,17799.76,3805,NY,84006,35840.0,1953.0,32091,27459,NYC,4.677992115637319,0.21188676999261954,0.8556604655510891,69.0,10.486847768485333,2.617743292511919,5
11213,17799.76,3805,NY,69131,54211.0,1938.0,26281,22077,NYC,4.677992115637319,0.25747869985968663,0.8400365282903999,84.0,10.900657565135907,2.6304554621209237,5
11214,17799.76,3805,NY,90796,60152.0,1941.0,31366,20802,NYC,4.677992115637319,0.19604123529670908,0.6632021934578843,81.0,11.004646595470813,2.894726774214117,5
11215,17799.76,3805,NY,72014,173899.0,1938.0,29465,17559,NYC,4.677992115637319,0.24717082789457603,0.5959273714576616,84.0,12.066235700342375,2.444052265399627,0
11216,17799.76,3805,NY,62373,92684.0,1938.0,26311,19653,NYC,4.677992115637319,0.2853760441216552,0.74694994488997,84.0,11.436961926163189,2.370605450191935,0
11217,17799.76,3805,NY,43045,152735.0,1938.0,18912,13351,NYC,4.677992115637319,0.41351515855500054,0.7059538917089678,84.0,11.936466219805624,2.2760681049069373,0
11218,17799.76,3805,NY,73318,87759.0,1942.0,26048,16164,NYC,4.677992115637319,0.24277476199568998,0.620546683046683,80.0,11.382361094949111,2.8147266584766584,0
11219,17799.76,3805,NY,92283,51194.0,1938.0,24031,17561,NYC,4.677992115637319,0.19288232935643615,0.7307644292788481,84.0,10.843397150008917,3.840164787149931,5
11220,17799.76,3805,NY,93008,62804.0,1938.0,27907,20222,NYC,4.677992115637319,0.19137880612420435,0.724621062815781,84.0,11.047789967121354,3.332783889346759,5
11221,17799.76,3805,NY,91236,77600.0,1938.0,35245,27778,NYC,4.677992115637319,0.19509579551931253,0.7881401617250674,84.0,11.259335592686217,2.5886224996453397,5
11222,17799.76,3805,NY,40137,126250.0,1938.0,19108,15600,NYC,4.677992115637319,0.443475097790069,0.8164119740422859,84.0,11.746027267898317,2.1005338078291813,0
11223,17799.76,3805,NY,80113,61356.0,1938.0,26748,17125,NYC,4.677992115637319,0.22218316627763282,0.6402347839090773,84.0,11.024464543059716,2.9951024375654254,5
11224,17799.76,3805,NY,47893,40467.0,1966.0,19486,13648,NYC,4.677992115637319,0.37165681832418096,0.7004002873858155,56.0,10.60826681732578,2.457815867802525,5
11225,17799.76,3805,NY,58476,82716.0,1938.0,24873,20368,NYC,4.677992115637319,0.3043942814145974,0.8188799099425079,84.0,11.32318042216003,2.350982993607526,0
11226,17799.76,3805,NY,101053,75947.0,1938.0,38458,33031,NYC,4.677992115637319,0.1761428161459828,0.8588850174216028,84.0,11.237804174563305,2.6276197410161735,5
11228,17799.76,3805,NY,44196,83980.0,1938.0,15474,6774,NYC,4.677992115637319,0.4027459498597158,0.4377665761923226,84.0,11.338345861764337,2.856145792943001,0
11229,17799.76,3805,NY,81109,72799.0,1945.0,30751,15885,NYC,4.677992115637319,0.21945480772787235,0.5165685668758739,77.0,11.195471234184778,2.637605281129069,0
11230,17799.76,3805,NY,90245,65051.0,1943.0,31897,22256,NYC,4.677992115637319,0.19723818494099393,0.6977458695175095,79.0,11.082942229048339,2.8292629400884097,5
11231,17799.76,3805,NY,38829,130396.0,1938.0,16498,11440,NYC,4.677992115637319,0.4584140719565273,0.6934173839253243,84.0,11.778338922075076,2.3535580070311553,0
11232,17799.76,3805,NY,28137,79599.0,1938.0,9589,7419,NYC,4.677992115637319,0.6326104417670683,0.7736990301387006,84.0,11.284769371832475,2.9342997184273645,5
11233,17799.76,3805,NY,83125,57812.0,1938.0,32516,24493,NYC,4.677992115637319,0.21413245112781953,0.7532599335711649,84.0,10.96496894286603,2.5564337556895067,5
11234,17799.76,3805,NY,89976,91379.0,1953.0,32606,10321,NYC,4.677992115637319,0.19782786520850001,0.3165368337115868,69.0,11.422781915117262,2.759492118015089,0
11235,17799.76,3805,NY,83069,61320.0,1954.0,34769,21693,NYC,4.677992115637319,0.2142768060287231,0.6239178578618885,68.0,11.023877640745798,2.3891685121803907,5
11236,17799.76,3805,NY,100082,79885.0,1956.0,33986,16859,NYC,4.677992115637319,0.17785176155552446,0.4960572000235391,66.0,11.28835589737794,2.9448008003295474,0
11237,17799.76,3805,NY,47183,79136.0,1938.0,17513,15605,NYC,4.677992115637319,0.3772494330585168,0.8910523611031805,84.0,11.278935806715221,2.6941700451093475,5
11238,17799.76,3805,NY,58047,125747.0,1938.0,26492,18842,NYC,4.677992115637319,0.306643926473375,0.7112335799486638,84.0,11.742035183262942,2.1911142986561982,0
11239,17799.76,3805,NY,16808,38670.0,1976.0,8367,7522,NYC,4.677992115637319,1.0590052356020943,0.8990080076490976,46.0,10.562845244106652,2.0088442691526236,5
11249,17799.76,3805,NY,45087,113946.0,1994.0,17047,13829,NYC,4.677992115637319,0.39478696741854635,0.8112277820144307,28.0,11.64348870699071,2.6448641989792927,4
11354,17799.76,3805,NY,53371,56854.0,1961.0,20980,12965,NYC,4.677992115637319,0.33350995859174454,0.6179694947569113,61.0,10.948259446058824,2.543898951382269,5
11355,17799.76,3805,NY,79495,52658.0,1959.0,29690,21019,NYC,4.677992115637319,0.22391043461852944,0.7079488043112159,63.0,10.871592443124456,2.677500842034355,5
11356,17799.76,3805,NY,27632,86717.0,1960.0,8391,4116,NYC,4.677992115637319,0.6441719745222929,0.490525563103325,62.0,11.370416753676897,3.293052079609105,0
11357,17799.76,3805,NY,42792,95987.0,1957.0,15508,3823,NYC,4.677992115637319,0.4159599925219667,0.2465179262316224,65.0,11.471978462636821,2.7593500128965696,0
11358,17799.76,3805,NY,37647,84020.0,1949.0,13179,5325,NYC,4.677992115637319,0.47280686376072456,0.40405190075119507,73.0,11.338822046580658,2.8565900295925335,0
11360,17799.76,3805,NY,19719,100016.0,1965.0,8692,2197,NYC,4.677992115637319,0.9026705208174856,0.2527611596870686,57.0,11.513095450521865,2.2686378278877126,0
11361,17799.76,3805,NY,29544,102343.0,1954.0,10886,4135,NYC,4.677992115637319,0.6024830760898997,0.37984567334190705,68.0,11.53609496699687,2.7139445158919715,0
11362,40266.01,6262,NY,18426,113688.0,1958.0,7164,1766,NYC,6.430215586074737,2.1852822099207643,0.24651032942490228,64.0,11.641221929236108,2.5720268006700167,2
11363,40266.01,6262,NY,7365,112625.0,1956.0,2855,824,NYC,6.430215586074737,5.4672111337406655,0.2886164623467601,66.0,11.631827873894528,2.5796847635726796,1
11364,17799.76,3805,NY,38124,100577.0,1955.0,13822,4132,NYC,4.677992115637319,0.4668911971461546,0.2989437129214296,67.0,11.518688824859332,2.7582115468094344,0
11365,17799.76,3805,NY,46424,82655.0,1954.0,16361,8523,NYC,4.677992115637319,0.3834171980010339,0.5209339282439949,68.0,11.322442695895568,2.837479371676548,0
11366,17799.76,3805,NY,13659,114881.0,1952.0,4640,1466,NYC,4.677992115637319,1.3031525001830293,0.315948275862069,70.0,11.65166079360126,2.94375,0
11367,17799.76,3805,NY,43286,76888.0,1955.0,14647,7720,NYC,4.677992115637319,0.4112128632814305,0.527070389840923,67.0,11.250118102349248,2.955280944903393,0
11368,17799.76,3805,NY,112750,69391.0,1961.0,30123,23506,NYC,4.677992115637319,0.1578692682926829,0.7803339640806028,61.0,11.147526866075147,3.742987086279587,5
11369,17799.76,3805,NY,32177,72342.0,1948.0,9736,4259,NYC,4.677992115637319,0.5531827081455698,0.4374486442070666,74.0,11.18917397547838,3.304950698438784,0
11370,17799.76,3805,NY,28164,71618.0,1954.0,8140,4128,NYC,4.677992115637319,0.6320039767078539,0.5071253071253071,68.0,11.179115680874661,3.45995085995086,0
11372,17799.76,3805,NY,67001,73089.0,1946.0,25359,16377,NYC,4.677992115637319,0.26566409456575274,0.6458062226428487,76.0,11.199446837474438,2.6420994518711307,5
11373,17799.76,3805,NY,102618,67489.0,1955.0,32644,23643,NYC,4.677992115637319,0.1734565086047282,0.7242678593309644,67.0,11.119734717737453,3.143548584732263,5
11374,17799.76,3805,NY,47230,86006.0,1955.0,19800,11840,NYC,4.677992115637319,0.3768740207495236,0.597979797979798,67.0,11.36218396727206,2.3853535353535356,0
11375,17799.76,3805,NY,75212,103995.0,1951.0,33312,15711,NYC,4.677992115637319,0.2366611710897197,0.47163184438040345,71.0,11.552107715845384,2.257804995196926,0
11377,17799.76,3805,NY,86977,72273.0,1952.0,33239,23053,NYC,4.677992115637319,0.20464904514986718,0.6935527542946539,70.0,11.188219730745937,2.616715304311201,5
11378,17799.76,3805,NY,39250,90572.0,1944.0,12818,6158,NYC,4.677992115637319,0.4534970700636942,0.4804181619597441,78.0,11.413911434371267,3.0621001716336402,0
11379,17799.76,3805,NY,38261,89500.0,1952.0,13810,5788,NYC,4.677992115637319,0.4652194140247249,0.41911658218682113,70.0,11.402005077384885,2.770528602461984,0
11385,17799.76,3805,NY,105521,85127.0,1938.0,37167,25986,NYC,4.677992115637319,0.16868452725049987,0.6991686173218178,84.0,11.351911285121567,2.839104582021686,5
11411,40266.01,6262,NY,21329,117018.0,1947.0,6602,928,NYC,6.430215586074737,1.887852688827418,0.14056346561647987,75.0,11.670091593757943,3.2306876704029084,2
11412,17799.76,3805,NY,40593,96094.0,1942.0,11753,2985,NYC,4.677992115637319,0.438493336289508,0.2539777078192802,80.0,11.473092564468505,3.4538415723645026,0
11413,17799.76,3805,NY,44832,111065.0,1951.0,13512,3626,NYC,4.677992115637319,0.39703247680228404,0.26835405565423326,71.0,11.61787989818774,3.3179396092362343,0
11414,17799.76,3805,NY,30374,95370.0,1961.0,11401,2602,NYC,4.677992115637319,0.5860196220451701,0.22822559424611877,61.0,11.4655298279956,2.66415226734497,0
11415,17799.76,3805,NY,20315,88306.0,1948.0,8588,4975,NYC,4.677992115637319,0.8761880383952744,0.5792966930600838,74.0,11.388574658648126,2.3655100139729854,0
11416,17799.76,3805,NY,27794,84085.0,1938.0,7485,3794,NYC,4.677992115637319,0.6404173562639418,0.5068804275217101,84.0,11.33959536361373,3.7132932531730125,0
11417,17799.76,3805,NY,31200,84419.0,1948.0,9377,4056,NYC,4.677992115637319,0.5705051282051281,0.43254772315239415,74.0,11.34355961933649,3.3272901780953394,0
11418,17799.76,3805,NY,38317,79101.0,1938.0,11681,5942,NYC,4.677992115637319,0.46453949943889133,0.5086893245441315,84.0,11.278493437886162,3.2802842222412463,0
11419,17799.76,3805,NY,48096,90818.0,1938.0,12908,4819,NYC,4.677992115637319,0.3700881570192947,0.37333436628447475,84.0,11.416623793800747,3.7260613572978,0
11420,17799.76,3805,NY,51153,97919.0,1944.0,13836,3896,NYC,4.677992115637319,0.34797098899380285,0.28158427291124605,78.0,11.491906097746153,3.6970945359930614,0
11421,17799.76,3805,NY,41552,81324.0,1938.0,11840,5676,NYC,4.677992115637319,0.4283731228340392,0.4793918918918919,84.0,11.306208751341552,3.5094594594594595,0
11422,40266.01,6262,NY,32296,101416.0,1956.0,10019,3103,NYC,6.430215586074737,1.2467800966063909,0.3097115480586885,66.0,11.52699600894701,3.223475396746182,2
11423,17799.76,3805,NY,29921,79500.0,1949.0,9946,4178,NYC,4.677992115637319,0.5948918819558169,0.4200683691936457,73.0,11.283524879179666,3.008345063342047,0
11426,17799.76,3805,NY,19733,112325.0,1950.0,6108,1782,NYC,4.677992115637319,0.9020301018598287,0.2917485265225933,72.0,11.629160636636323,3.2306810740013097,0
11427,17799.76,3805,NY,25187,84691.0,1951.0,8046,2959,NYC,4.677992115637319,0.7067042521935919,0.36776037782749194,71.0,11.346776425175827,3.1303753417847378,0
11428,17799.76,3805,NY,19554,89593.0,1938.0,6153,1588,NYC,4.677992115637319,0.9102874092257338,0.2580854867544287,84.0,11.4030436324351,3.1779619697708434,0
11429,40266.01,6262,NY,27845,95721.0,1941.0,8038,2218,NYC,6.430215586074737,1.446076854013288,0.2759392883801941,81.0,11.469203436078995,3.4641701915899477,2
11432,17799.76,3805,NY,64268,72001.0,1957.0,20036,11986,NYC,4.677992115637319,0.2769614738283438,0.5982231982431623,65.0,11.184449175390174,3.2076262727091236,0
11433,17799.76,3805,NY,38865,73118.0,1955.0,10886,5786,NYC,4.677992115637319,0.4579894506625498,0.5315083593606467,67.0,11.199843529885715,3.5701818849898954,0
11434,17799.76,3805,NY,68182,71728.0,1959.0,22986,11912,NYC,4.677992115637319,0.261062450500132,0.5182284869050726,63.0,11.180650407855032,2.9662403201949012,0
11435,17799.76,3805,NY,59961,76915.0,1953.0,19350,12537,NYC,4.677992115637319,0.29685562282150063,0.6479069767441861,69.0,11.250469196270478,3.0987596899224807,0
11436,17799.76,3805,NY,21349,87685.0,1951.0,6136,1985,NYC,4.677992115637319,0.8337514637687947,0.3235006518904824,71.0,11.381517530497506,3.479302477183833,0
90001,51312.5,8166,CA,57652,57698.0,1950.0,13597,8861,LA,6.283676218466813,0.89003850690349,0.6516878723247775,72.0,10.962995121323477,4.240052952857248,3
90002,51312.5,8166,CA,53108,54221.0,1953.0,13013,7699,LA,6.283676218466813,0.9661915342321308,0.5916391301006686,69.0,10.900842009130011,4.081149619611158,3
90003,32726.55,5344,CA,75024,51275.0,1955.0,17936,13091,LA,6.123980164670659,0.4362144113883557,0.7298728813559322,67.0,10.844978085432025,4.182872435325602,3
90004,32726.55,5344,CA,58833,58420.0,1959.0,23047,19253,LA,6.123980164670659,0.5562617918515119,0.8353798759057578,63.0,10.975430693220769,2.552740052935306,5
90005,32726.55,5344,CA,37754,49226.0,1961.0,16607,15306,LA,6.123980164670659,0.8668366265826137,0.9216595411573433,61.0,10.80419753244326,2.273378695730716,4
90006,32726.55,5344,CA,56628,47599.0,1953.0,19100,17067,LA,6.123980164670659,0.5779216995126086,0.8935602094240838,69.0,10.770588040219511,2.9648167539267014,5
90007,32726.55,5344,CA,41004,36326.0,1961.0,12520,11191,LA,6.123980164670659,0.7981306701785191,0.893849840255591,61.0,10.500316545422477,3.275079872204473,5
90008,32726.55,5344,CA,33076,57880.0,1955.0,14694,10062,LA,6.123980164670659,0.9894349377191921,0.6847692935892201,67.0,10.966144457721258,2.2509867973322444,5
90010,32726.55,5344,CA,4185,92454.0,1999.0,2381,1987,LA,6.123980164670659,7.819964157706093,0.8345233095338094,23.0,11.434477318641086,1.757664846703066,1
90011,51312.5,8166,CA,106042,51819.0,1951.0,24399,17880,LA,6.283676218466813,0.4838884592897154,0.7328169187261773,71.0,10.8555314541161,4.34616172793967,3
90012,32726.55,5344,CA,38430,58444.0,1987.0,14945,13988,LA,6.123980164670659,0.8515886026541764,0.9359652057544329,35.0,10.97584142004187,2.5714285714285716,4
90013,32726.55,5344,CA,14587,24853.0,1938.0,7781,7156,LA,6.123980164670659,2.243542195105231,0.9196761341729854,84.0,10.12077398436594,1.8746947693098572,5
90014,32726.55,5344,CA,9273,26550.0,1938.0,6100,5888,LA,6.123980164670659,3.529230022646393,0.9652459016393443,84.0,10.186822690744211,1.5201639344262294,5
90015,32726.55,5344,CA,25554,61959.0,2004.0,12838,11731,LA,6.123980164670659,1.280682084996478,0.9137716155164356,18.0,11.034244294530804,1.9904969621436361,4
90016,32726.55,5344,CA,47309,63090.0,1949.0,17601,11198,LA,6.123980164670659,0.6917616098416791,0.6362138514857111,73.0,11.052333407611723,2.6878586443952046,5
90017,32726.55,5344,CA,28754,46626.0,1986.0,13564,12830,LA,6.123980164670659,1.138156430409682,0.9458861692716013,36.0,10.749935051468492,2.119876142730758,4
90018,32726.55,5344,CA,49898,58987.0,1941.0,16339,10970,LA,6.123980164670659,0.6558689727043168,0.6713997184650223,81.0,10.985089312370832,3.053920068547647,3
90019,32726.55,5344,CA,59410,65972.0,1944.0,23576,17681,LA,6.123980164670659,0.5508592829489984,0.7499575839837123,78.0,11.097000846398958,2.5199355276552424,5
90020,32726.55,5344,CA,38400,55321.0,1971.0,17321,15691,LA,6.123980164670659,0.85225390625,0.9058945788349403,51.0,10.92092593841513,2.2169620691645977,4
90021,32726.55,5344,CA,2781,29659.0,1941.0,1459,1359,LA,6.123980164670659,11.767907227615964,0.9314599040438657,81.0,10.297554615691922,1.906100068540096,1
90022,18585.96,2822,CA,64147,65142.0,1951.0,17165,11216,LA,6.586094968107725,0.2897401281431711,0.6534226623944073,71.0,11.08434013242126,3.737081270026216,3
90023,51366.84,8179,CA,44558,52918.0,1946.0,11750,8655,LA,6.280332558992542,1.1528084743480407,0.7365957446808511,76.0,10.876517721602884,3.7921702127659573,3
90024,32726.55,5344,CA,50392,74852.0,1974.0,16843,11241,LA,6.123980164670659,0.649439395142086,0.6673989194324051,48.0,11.223281469204906,2.9918660571157156,4
90025,32726.55,5344,CA,44429,103511.0,1974.0,22166,16680,LA,6.123980164670659,0.7366033446622702,0.7525038347017955,48.0,11.54744282699579,2.0043760714607957,4
90026,32726.55,5344,CA,64769,80549.0,1945.0,26230,20005,LA,6.123980164670659,0.5052810758233105,0.7626763248189097,77.0,11.29663338860512,2.4692718261532596,5
90027,58350.89,9930,CA,45764,86826.0,1956.0,21331,16869,LA,5.876222557905337,1.2750391137138362,0.7908208710327692,66.0,11.371672912187172,2.145422155548263,4
90028,32726.55,5344,CA,30982,57258.0,1966.0,17228,16538,LA,6.123980164670659,1.0563085017106706,0.959948920362201,56.0,10.955340114301212,1.7983515207801253,4
90029,32726.55,5344,CA,34649,56529.0,1953.0,12836,11351,LA,6.123980164670659,0.9445164362607867,0.8843097538173886,69.0,10.942526749669337,2.699361171704581,5
90031,32726.55,5344,CA,37457,59889.0,1944.0,11960,8039,LA,6.123980164670659,0.8737098539658809,0.6721571906354515,78.0,11.000264825258508,3.13185618729097,3
90032,51312.5,8166,CA,44881,76608.0,1950.0,13427,6173,LA,6.283676218466813,1.1433011742162609,0.45974528934236986,72.0,11.246469842299451,3.342593282192597,3
90033,51312.5,8166,CA,47655,50616.0,1953.0,13341,10709,LA,6.283676218466813,1.0767495540866645,0.802713439772131,69.0,10.832042767230265,3.572071059140994,3
90034,32726.55,5344,CA,55061,97511.0,1971.0,25261,20124,LA,6.123980164670659,0.5943689725940321,0.7966430465935632,51.0,11.487730726335672,2.1796840980167054,4
90035,32726.55,5344,CA,26595,110520.0,1959.0,11420,7763,LA,6.123980164670659,1.2305527354765933,0.6797723292469352,63.0,11.612960827132502,2.3288091068301227,4
90036,32726.55,5344,CA,37713,97583.0,1948.0,19753,16838,LA,6.123980164670659,0.8677790151936998,0.8524274793702222,74.0,11.488468824536238,1.9092289778767781,4
90037,32726.55,5344,CA,69064,52238.0,1947.0,17571,13155,LA,6.123980164670659,0.47385830533997453,0.7486767969950486,75.0,10.863584621347492,3.930567412213306,3
90038,32726.55,5344,CA,27979,57102.0,1965.0,12929,11903,LA,6.123980164670659,1.1696826191071874,0.9206435145796272,57.0,10.952611933668509,2.1640498105035193,4
90039,45862.48,7826,CA,28244,108338.0,1951.0,12052,6390,LA,5.860270891898799,1.6237954963886136,0.5302024560238965,71.0,11.593020478968073,2.3435114503816794,4
90040,18640.29,2834,CA,11839,62083.0,1958.0,3441,1603,LA,6.577378263937898,1.574481797449109,0.46585294972391744,64.0,11.036243585771075,3.4405696018599246,3
90041,55867.0,9475,CA,28321,111938.0,1946.0,9875,4725,LA,5.8962532981530345,1.972635147064016,0.47848101265822784,76.0,11.625709359048292,2.867949367088608,0
90042,61317.02,9815,CA,59151,89168.0,1953.0,21199,11650,LA,6.247276617422313,1.0366184848945919,0.5495542242558611,69.0,11.398288724532005,2.7902731260908533,0
90043,51312.5,8166,CA,44461,63990.0,1944.0,17132,8039,LA,6.283676218466813,1.15410134724815,0.46923885127247256,78.0,11.066497727453186,2.59520196124212,0
90044,51312.5,8166,CA,98990,48386.0,1955.0,27738,19297,LA,6.283676218466813,0.5183604404485301,0.6956882255389718,67.0,10.786986461585292,3.5687504506453243,3
90045,51312.5,8166,CA,41123,125692.0,1959.0,15852,8256,LA,6.283676218466813,1.2477810471025947,0.5208175624526874,63.0,11.741597704881316,2.5941836992177643,4
90046,32726.55,5344,CA,48170,87339.0,1965.0,28346,22236,LA,6.123980164670659,0.6793969275482665,0.7844493050165808,57.0,11.377563827039552,1.6993579341000493,4
90047,51312.5,8166,CA,52200,67018.0,1945.0,17202,7911,LA,6.283676218466813,0.9829980842911877,0.4598883850715033,77.0,11.112731440260855,3.0345308685036625,3
90048,32726.55,5344,CA,20411,102244.0,1960.0,11564,8222,LA,6.123980164670659,1.6033780804468178,0.7109996540989277,62.0,11.535127172953915,1.7650466966447595,4
90049,32726.55,5344,CA,35819,161605.0,1968.0,16151,7358,LA,6.123980164670659,0.9136645355816745,0.45557550616060927,54.0,11.99291655309275,2.2177574144015852,4
90056,51312.5,8166,CA,8225,123457.0,1959.0,3432,1448,LA,6.283676218466813,6.238601823708207,0.4219114219114219,63.0,11.723656296237861,2.3965617715617715,1
90057,32726.55,5344,CA,47142,46513.0,1966.0,16986,16475,LA,6.123980164670659,0.6942121674939544,0.9699164017426115,56.0,10.747508621530201,2.7753444012716355,5
90059,51312.5,8166,CA,39471,50939.0,1958.0,10351,5554,LA,6.283676218466813,1.3000050670112235,0.5365665153125302,64.0,10.838403748533448,3.8132547579943967,3
90061,51312.5,8166,CA,28646,56837.0,1959.0,7666,4572,LA,6.283676218466813,1.7912623053829504,0.5963996869292982,63.0,10.947960395103589,3.7367597182363683,3
90062,32726.55,5344,CA,33528,61422.0,1938.0,9802,5178,LA,6.123980164670659,0.9760960987831067,0.5282595388696184,84.0,11.02553963682673,3.420526423178943,3
90063,51312.5,8166,CA,52008,69307.0,1946.0,13529,8501,LA,6.283676218466813,0.9866270573757884,0.628353906423239,76.0,11.146315618630737,3.8441865621997193,3
90064,32726.55,5344,CA,25956,123929.0,1962.0,11414,5470,LA,6.123980164670659,1.2608472029588533,0.47923602593306464,60.0,11.72747216905892,2.274049413001577,4
90065,45862.48,7826,CA,44897,88329.0,1953.0,16200,8496,LA,5.860270891898799,1.0215043321380048,0.5244444444444445,69.0,11.388835079739177,2.7714197530864197,0
90066,32726.55,5344,CA,54142,100344.0,1965.0,24679,15618,LA,6.123980164670659,0.6044577222858409,0.6328457392925159,57.0,11.516369527372783,2.1938490214352284,4
90067,32726.55,5344,CA,2653,125995.0,1981.0,1719,599,LA,6.123980164670659,12.33567659253675,0.3484584060500291,41.0,11.744005439397952,1.5433391506689935,1
90068,45214.96,7448,CA,21064,97151.0,1956.0,11740,6293,LA,6.070751879699248,2.1465514622104065,0.53603066439523,66.0,11.484032041315247,1.7942078364565588,4
90069,32726.55,5344,CA,20045,106133.0,1968.0,13004,7711,LA,6.123980164670659,1.632654028436019,0.59297139341741,54.0,11.572457725671562,1.541448784989234,4
90077,32726.55,5344,CA,7868,203194.0,1968.0,3001,441,LA,6.123980164670659,4.159449669547534,0.1469510163278907,54.0,12.221921388084512,2.6217927357547484,2
90094,32726.55,5344,CA,11891,156536.0,2008.0,5903,4130,LA,6.123980164670659,2.75221175679085,0.6996442486871083,14.0,11.961047682744372,2.014399457902761,4
90201,18585.96,2822,CA,95134,53692.0,1961.0,24126,19091,LA,6.586094968107725,0.19536611516387412,0.791303987399486,61.0,10.891037918182654,3.9432147890242892,3
90210,32726.55,5344,CA,19180,172285.0,1965.0,7893,2040,LA,6.123980164670659,1.7062851929092804,0.25845686050931205,57.0,12.056911165587373,2.4300012669453945,2
90211,32726.55,5344,CA,9208,115025.0,1959.0,3784,2250,LA,6.123980164670659,3.5541431364031277,0.5946088794926004,63.0,11.652913468748105,2.4334038054968286,1
90212,32726.55,5344,CA,10881,101963.0,1952.0,5483,4262,LA,6.123980164670659,3.0076785221946514,0.7773116906802845,70.0,11.532375088791541,1.9844975378442458,4
90220,18585.96,2822,CA,49101,69901.0,1959.0,13710,5179,LA,6.586094968107725,0.37852508095558135,0.37775346462436177,63.0,11.154849540115867,3.5814004376367614,3
90221,18585.96,2822,CA,52119,64439.0,1953.0,12588,5808,LA,6.586094968107725,0.3566062280550279,0.4613918017159199,69.0,11.07348983729091,4.140371782650143,3
90222,18585.96,2822,CA,33021,68722.0,1960.0,8568,4212,LA,6.586094968107725,0.5628527300808576,0.49159663865546216,62.0,11.13783921111854,3.8539915966386555,3
90230,32726.55,5344,CA,32005,107870.0,1964.0,13290,5604,LA,6.123980164670659,1.0225449148570536,0.4216704288939052,58.0,11.5886913477446,2.408201655379985,4
90232,32726.55,5344,CA,16352,113278.0,1959.0,7183,4095,LA,6.123980164670659,2.0013790362035224,0.570096060142002,63.0,11.637609081204968,2.2764861478490883,4
90240,18585.96,2822,CA,26026,99874.0,1957.0,7685,2718,LA,6.586094968107725,0.7141304848997156,0.35367599219258294,65.0,11.511674683068575,3.3865972674040337,2
90241,18585.96,2822,CA,45341,81220.0,1960.0,14476,8407,LA,6.586094968107725,0.40991508788954806,0.5807543520309478,62.0,11.304929113402858,3.1321497651284886,3
90242,18585.96,2822,CA,41685,81448.0,1960.0,12627,6462,LA,6.586094968107725,0.4458668585822238,0.5117605131860299,62.0,11.307732336483982,3.3012592064623427,3
90245,51312.5,8166,CA,17081,142596.0,1962.0,7075,4090,LA,6.283676218466813,3.004068848428078,0.5780918727915194,60.0,11.867777748872872,2.414275618374558,1
90247,51312.5,8166,CA,47682,70012.0,1965.0,16120,9687,LA,6.283676218466813,1.0761398431273856,0.6009305210918114,57.0,11.156436218074447,2.9579404466501242,4
90248,51312.5,8166,CA,11453,75865.0,1966.0,3947,1415,LA,6.283676218466813,4.48026717890509,0.35850012667849,56.0,11.236723905181373,2.901697491765898,1
90249,18585.96,2822,CA,25929,83125.0,1956.0,8733,3478,LA,6.586094968107725,0.716802036329978,0.398259475552502,66.0,11.328112807960983,2.9690827894194434,2
90250,18585.96,2822,CA,96200,74616.0,1968.0,32230,21908,LA,6.586094968107725,0.1932012474012474,0.6797393732547317,54.0,11.220123642268218,2.9847967731926777,4
90254,18585.96,2822,CA,19551,149500.0,1969.0,8882,4318,LA,6.586094968107725,0.9506398649685438,0.4861517676199054,53.0,11.915058360753719,2.201193424904301,4
90255,18640.29,2834,CA,71654,57013.0,1952.0,18718,13072,LA,6.577378263937898,0.26014304853881154,0.6983652099583288,70.0,10.951052130693586,3.828079923068704,3
90260,18585.96,2822,CA,33282,80205.0,1961.0,10242,5787,LA,6.586094968107725,0.558438795745448,0.5650263620386643,61.0,11.292353604023836,3.249560632688928,3
90262,18585.96,2822,CA,66073,67620.0,1954.0,15168,7645,LA,6.586094968107725,0.28129432597278764,0.5040216244725738,68.0,11.121673864676634,4.35607858649789,3
90265,51312.5,8166,CA,16652,186264.0,1975.0,6360,1326,LA,6.283676218466813,3.0814616862839297,0.20849056603773586,47.0,12.134925669911635,2.618238993710692,2
90266,18585.96,2822,CA,35123,187217.0,1970.0,13400,4009,LA,6.586094968107725,0.5291677817954047,0.2991791044776119,52.0,12.140028992249297,2.621119402985075,2
90270,18640.29,2834,CA,24950,57741.0,1952.0,6347,4429,LA,6.577378263937898,0.7471058116232465,0.6978099889711675,70.0,10.963740090649603,3.9309910193792343,3
90272,51312.5,8166,CA,21298,225256.0,1970.0,8135,1806,LA,6.283676218466813,2.4092637806366795,0.2220036877688998,52.0,12.324997251569293,2.6180700676090964,2
90274,18585.96,2822,CA,24942,206013.0,1966.0,9273,1038,LA,6.586094968107725,0.745167187875872,0.11193788417987706,56.0,12.23569940662751,2.689744419281786,2
90275,51312.5,8166,CA,41941,166602.0,1967.0,15414,3117,LA,6.283676218466813,1.2234448391788464,0.20221876216426626,55.0,12.023369015755632,2.720967951213183,2
90277,18585.96,2822,CA,36339,120008.0,1968.0,16533,8720,LA,6.586094968107725,0.5114604144307768,0.5274299885078328,54.0,11.695322018951824,2.197967700961713,4
90278,18585.96,2822,CA,42536,143785.0,1974.0,15776,6735,LA,6.586094968107725,0.43694658642091405,0.42691430020283977,48.0,11.87608136208865,2.6962474645030428,2
90280,18585.96,2822,CA,92262,67287.0,1952.0,23885,13180,LA,6.586094968107725,0.20144761657020224,0.551810759891145,70.0,11.116737193642273,3.8627590537994556,3
90290,51312.5,8166,CA,5300,138316.0,1973.0,2081,574,LA,6.283676218466813,9.681603773584905,0.27582892839980777,49.0,11.837303431284488,2.5468524747717445,1
90291,32726.55,5344,CA,25656,111610.0,1957.0,13670,8806,LA,6.123980164670659,1.2755905051449954,0.6441843452816386,65.0,11.622774890380253,1.8768105340160937,4
90292,32726.55,5344,CA,24481,136854.0,1983.0,13355,9046,LA,6.123980164670659,1.3368142641231975,0.6773493073755148,39.0,11.826677250155061,1.8330962186447024,4
90293,51312.5,8166,CA,13039,124688.0,1973.0,6657,3455,LA,6.283676218466813,3.9353094562466446,0.5190025537028692,49.0,11.733577916069146,1.9586901006459365,1
90301,51312.5,8166,CA,37341,61910.0,1964.0,12142,9020,LA,6.283676218466813,1.3741597707613615,0.7428759677153681,58.0,11.033453148862234,3.0753582605831,4
90302,51312.5,8166,CA,29307,68662.0,1965.0,10340,7097,LA,6.283676218466813,1.750861568908452,0.6863636363636364,57.0,11.13696575961963,2.834332688588008,4
90303,18585.96,2822,CA,23370,67598.0,1955.0,6894,4228,LA,6.586094968107725,0.7952913992297818,0.6132869161589788,67.0,11.121348469022232,3.389904264577894,3
90304,51312.5,8166,CA,25725,57647.0,1959.0,7174,5067,LA,6.283676218466813,1.9946550048590865,0.7063005296905492,63.0,10.962110832987875,3.5858656258712016,3
90305,51312.5,8166,CA,14679,85466.0,1951.0,5894,2372,LA,6.283676218466813,3.495640029974794,0.4024431625381744,71.0,11.355885615508942,2.490498812351544,1
90401,32726.55,5344,CA,7480,89892.0,1984.0,4789,4494,LA,6.123980164670659,4.375207219251337,0.9384005011484652,38.0,11.40637535313447,1.5619127166423052,1
90402,32726.55,5344,CA,11816,171844.0,1958.0,4777,1221,LA,6.123980164670659,2.769680941096818,0.2555997487963157,64.0,12.054348186713597,2.473518944944526,2
90403,32726.55,5344,CA,24092,123391.0,1966.0,13064,9480,LA,6.123980164670659,1.3583990536277601,0.7256582976117575,56.0,11.723121558530163,1.8441518677281077,4
90404,32726.55,5344,CA,23975,87209.0,1970.0,10492,8185,LA,6.123980164670659,1.3650281543274243,0.7801181852840259,52.0,11.376074282221031,2.2850743423560806,4
90405,32726.55,5344,CA,26981,101713.0,1963.0,14000,9637,LA,6.123980164670659,1.2129480004447575,0.6883571428571429,59.0,11.52992023234609,1.9272142857142858,4
90501,51312.5,8166,CA,42536,89926.0,1962.0,14607,7791,LA,6.283676218466813,1.206331107767538,0.5333744095296775,60.0,11.406753509072688,2.912028479496132,2
90502,51312.5,8166,CA,18430,95528.0,1971.0,6457,1982,LA,6.283676218466813,2.7841833966359197,0.30695369366578906,51.0,11.467185145293428,2.854266687316091,2
90503,18585.96,2822,CA,44280,117364.0,1965.0,17183,8404,LA,6.586094968107725,0.41973712737127367,0.48908805214456147,57.0,11.673044015862988,2.5769656055403596,2
90504,18585.96,2822,CA,32965,101773.0,1959.0,11654,4464,LA,6.586094968107725,0.5638088882147733,0.3830444482581088,63.0,11.530509947727232,2.8286425261712718,2
90505,18585.96,2822,CA,36214,108857.0,1964.0,14113,6184,LA,6.586094968107725,0.5132258242668581,0.4381775667823992,58.0,11.597799559598219,2.5660029759795933,2
90601,18585.96,2822,CA,30667,96209.0,1959.0,10812,4426,LA,6.586094968107725,0.6060573254638536,0.40935997040325567,63.0,11.47428858135531,2.8363854975952645,2
90602,18585.96,2822,CA,25949,63956.0,1954.0,7905,4807,LA,6.586094968107725,0.7162495664572816,0.6080961416824795,68.0,11.065966261532651,3.282605945604048,3
90603,18585.96,2822,CA,20883,117324.0,1957.0,6428,1363,LA,6.586094968107725,0.8900043097256141,0.21204107031736155,65.0,11.672703140662618,3.248755444928438,2
90604,18585.96,2822,CA,39795,95570.0,1960.0,11667,4142,LA,6.586094968107725,0.46704259329061437,0.355018428044913,62.0,11.467624705740064,3.410902545641553,2
90605,18585.96,2822,CA,41427,94200.0,1957.0,10917,3552,LA,6.586094968107725,0.44864363820696646,0.32536411101951085,65.0,11.45318607621936,3.794723825226711,3
90606,18585.96,2822,CA,31717,86596.0,1954.0,8645,2589,LA,6.586094968107725,0.5859936311757101,0.29947946790052055,68.0,11.369020451918145,3.668825910931174,3
90620,37905.68,6090,CA,47042,115501.0,1959.0,13223,3477,LA,6.224249589490969,0.8057837676969517,0.2629509188535128,63.0,11.65704312481138,3.5575890493836497,2
90621,37905.68,6090,CA,36151,88735.0,1974.0,10892,6904,LA,6.224249589490969,1.0485375231667173,0.6338597135512303,48.0,11.393420948415505,3.319041498347411,4
90623,18585.96,2822,CA,15419,110028.0,1972.0,5045,1671,LA,6.586094968107725,1.205393345871976,0.331219028741328,50.0,11.60849924639223,3.0562933597621407,2
90630,37905.68,6090,CA,50170,117610.0,1971.0,16137,5295,LA,6.224249589490969,0.7555447478572852,0.32812790481502135,51.0,11.675137847487278,3.109004151948937,2
90631,18585.96,2822,CA,69064,98009.0,1967.0,22289,8905,LA,6.586094968107725,0.2691121278813854,0.3995244290905828,55.0,11.492824793263226,3.098568800753735,2
90638,18585.96,2822,CA,46170,104114.0,1960.0,14908,3548,LA,6.586094968107725,0.4025549057829759,0.2379930238797961,62.0,11.553251336441793,3.096994902066005,2
90640,18585.96,2822,CA,62294,72163.0,1963.0,19348,10366,LA,6.586094968107725,0.29835875044145505,0.5357659706429605,59.0,11.186696585572694,3.219660946867893,3
90650,18585.96,2822,CA,101983,91259.0,1957.0,26508,8579,LA,6.586094968107725,0.182245668395713,0.3236381469744983,65.0,11.421467854481394,3.8472536592726723,3
90660,18585.96,2822,CA,61561,82539.0,1957.0,16665,5188,LA,6.586094968107725,0.3019112749955329,0.3113111311131113,65.0,11.321038303306572,3.694029402940294,3
90670,18585.96,2822,CA,17556,83259.0,1959.0,5345,1909,LA,6.586094968107725,1.0586671223513329,0.35715622076707204,63.0,11.329723520748967,3.2845650140318052,3
90680,37905.68,6090,CA,31102,79303.0,1975.0,10007,4985,LA,6.224249589490969,1.218753777892097,0.4981512940941341,47.0,11.281043847712734,3.108024382931948,4
90701,18585.96,2822,CA,16237,92702.0,1965.0,4484,2161,LA,6.586094968107725,1.1446671183100325,0.48193577163247103,57.0,11.43715611348984,3.6210972346119537,3
90703,18585.96,2822,CA,49334,124240.0,1974.0,15850,3970,LA,6.586094968107725,0.37673734138727855,0.2504731861198738,48.0,11.729978506727717,3.1125552050473186,2
90704,18585.96,2822,CA,3822,89107.0,1954.0,1397,952,LA,6.586094968107725,4.862888540031397,0.6814602720114531,68.0,11.397604396184764,2.735862562634216,1
90706,18585.96,2822,CA,78352,75379.0,1966.0,24065,14668,LA,6.586094968107725,0.2372110475801511,0.6095158944525244,56.0,11.230297266821127,3.2558487429877414,3
90710,51312.5,8166,CA,27517,75114.0,1974.0,9276,4254,LA,6.283676218466813,1.8647563324490315,0.45860284605433377,48.0,11.226775551496525,2.9664726175075464,4
90712,18585.96,2822,CA,31552,119143.0,1955.0,10193,2661,LA,6.586094968107725,0.5890580628803245,0.26106151280290396,67.0,11.688088124565704,3.0954576670263907,2
90713,18585.96,2822,CA,28439,123809.0,1955.0,9343,1437,LA,6.586094968107725,0.6535377474594747,0.1538049876913197,67.0,11.726503411414738,3.0438831210531947,2
90715,18585.96,2822,CA,20949,89113.0,1967.0,6515,3110,LA,6.586094968107725,0.887200343691823,0.47735993860322334,55.0,11.397671727939567,3.2155026861089793,3
90716,18585.96,2822,CA,13941,73784.0,1966.0,3631,1922,LA,6.586094968107725,1.3331870023671184,0.529330762875241,56.0,11.20891073789755,3.8394381713026715,3
90717,51312.5,8166,CA,21788,88111.0,1963.0,8327,4605,LA,6.283676218466813,2.355080778410134,0.5530202954245227,59.0,11.386364011502263,2.616548576918458,4
90720,18585.96,2822,CA,23673,131660.0,1963.0,8208,2902,LA,6.586094968107725,0.7851121530857939,0.35355750487329435,59.0,11.787985716314305,2.8841374269005846,2
90723,18585.96,2822,CA,53286,67130.0,1970.0,14378,8529,LA,6.586094968107725,0.34879630672221595,0.5931979412992071,52.0,11.114401213291382,3.7060787313951873,3
90731,51312.5,8166,CA,63431,69019.0,1962.0,23249,15371,LA,6.283676218466813,0.808949882549542,0.6611467159877844,60.0,11.142151596651994,2.728332401393608,4
90732,51312.5,8166,CA,22078,115120.0,1970.0,8743,2444,LA,6.283676218466813,2.3241462088957334,0.2795379160471234,52.0,11.65373902811143,2.5252201761409125,2
90740,18585.96,2822,CA,24604,75007.0,1966.0,13011,3083,LA,6.586094968107725,0.7554039993496992,0.2369533471677811,56.0,11.22535005349663,1.8910152947505956,4
90744,51312.5,8166,CA,54277,58869.0,1960.0,14949,9862,LA,6.283676218466813,0.945382021850876,0.6597096795772293,62.0,10.983086902022308,3.630811425513412,3
90745,51312.5,8166,CA,58735,103471.0,1964.0,15441,4759,LA,6.283676218466813,0.8736273091001958,0.30820542710964316,58.0,11.547056323686373,3.80383394857846,2
90746,18585.96,2822,CA,27643,109596.0,1967.0,8441,1219,LA,6.586094968107725,0.6723568353651919,0.1444141689373297,55.0,11.604565280858651,3.2748489515460255,2
90755,18585.96,2822,CA,11764,96521.0,1981.0,4604,2179,LA,6.586094968107725,1.579901394083645,0.4732841007819288,41.0,11.477526240618364,2.5551694178974804,4
90802,51312.5,8166,CA,40012,69613.0,1967.0,21734,17135,LA,6.283676218466813,1.2824277716684995,0.788396061470507,55.0,11.150720975519965,1.8409864728075827,4
90803,18585.96,2822,CA,31659,107889.0,1959.0,17082,9582,LA,6.586094968107725,0.5870671846868188,0.5609413417632596,63.0,11.588867468545386,1.8533544081489286,4
90804,18585.96,2822,CA,37299,64160.0,1970.0,14967,11813,LA,6.586094968107725,0.4982964690742379,0.789269726732144,52.0,11.069150828453848,2.4920825816796954,4
90805,18585.96,2822,CA,96515,64848.0,1957.0,28163,16203,LA,6.586094968107725,0.19257068849401646,0.5753293328125555,65.0,11.079816769425236,3.4270141675247667,3
90806,18585.96,2822,CA,40688,67632.0,1952.0,12541,8257,LA,6.586094968107725,0.4567921745969327,0.658400446535364,70.0,11.121851308597426,3.2443983733354598,3
90807,18585.96,2822,CA,33153,89319.0,1954.0,12771,5781,LA,6.586094968107725,0.5606117093475703,0.45266619685224335,68.0,11.399980705954095,2.595959595959596,2
90808,18585.96,2822,CA,39698,131535.0,1955.0,14198,2413,LA,6.586094968107725,0.46818378759635243,0.16995351457951824,67.0,11.787035857391915,2.796027609522468,2
90810,51312.5,8166,CA,36306,75152.0,1954.0,9965,4288,LA,6.283676218466813,1.4133338842064673,0.4303060712493728,68.0,11.227281314544014,3.6433517310587056,3
90813,51312.5,8166,CA,53647,48535.0,1963.0,17215,14814,LA,6.283676218466813,0.956484053162339,0.8605286087714202,59.0,10.790061069622134,3.11629392971246,5
90814,18585.96,2822,CA,20723,89776.0,1959.0,9267,6269,LA,6.586094968107725,0.8968759349515031,0.6764864573216791,63.0,11.405084096763149,2.2362145246573863,4
90815,18585.96,2822,CA,42759,110565.0,1957.0,15210,5336,LA,6.586094968107725,0.4346677892373535,0.35082182774490467,65.0,11.613367906704086,2.811242603550296,2
91001,28590.47,4471,CA,36420,129030.0,1946.0,12408,2586,LA,6.394647729814359,0.7850211422295442,0.20841392649903287,76.0,11.767807964551487,2.9352030947775627,2
91006,28590.47,4471,CA,31986,123358.0,1959.0,10626,2996,LA,6.394647729814359,0.8938432439192147,0.28194993412384717,63.0,11.722854082408917,3.010163749294184,2
91007,18585.96,2822,CA,33367,93128.0,1966.0,11860,5924,LA,6.586094968107725,0.5570162136242395,0.49949409780775716,56.0,11.44174090777954,2.813406408094435,2
91010,36764.76,5819,CA,26825,95172.0,1965.0,8340,3077,LA,6.318054648565046,1.3705409133271202,0.36894484412470024,57.0,11.46345156710818,3.2164268585131897,2
91011,74452.95,12297,CA,20389,210532.0,1957.0,6455,712,LA,6.054562088314222,3.651623424395507,0.11030209140201394,65.0,12.257397689413704,3.1586367157242448,2
91016,18585.96,2822,CA,41822,95606.0,1960.0,14912,7631,LA,6.586094968107725,0.4444062933384343,0.5117355150214592,62.0,11.468001318116233,2.8045869098712446,2
91020,45862.48,7826,CA,7509,61771.0,1969.0,3181,2391,LA,5.860270891898799,6.107668131575443,0.7516504243948444,53.0,11.031205466342891,2.360578434454574,1
91024,28590.47,4471,CA,11151,128056.0,1959.0,5018,2196,LA,6.394647729814359,2.563937763429289,0.4376245516141889,63.0,11.760230756279569,2.222200079713033,1
91030,61317.02,9815,CA,26583,127882.0,1952.0,10274,5487,LA,6.247276617422313,2.3066252868374524,0.5340665758224645,70.0,11.758871062391883,2.587405100253066,1
91040,51312.5,8166,CA,20911,103823.0,1958.0,7383,2048,LA,6.283676218466813,2.4538520395963848,0.277394013273737,64.0,11.55045243686095,2.8323174861167546,2
91042,74452.95,12297,CA,27119,81324.0,1964.0,9974,4611,LA,6.054562088314222,2.7454164976584683,0.4623019851614197,58.0,11.306208751341552,2.718969320232605,4
91101,10004.51,1649,CA,19737,86631.0,1977.0,10777,9163,LA,6.067016373559733,0.5068911182043877,0.8502366150134546,45.0,11.369424541308215,1.831400204138443,4
91103,41726.41,6952,CA,27167,78513.0,1958.0,8776,4795,LA,6.002072784810127,1.5359226267162367,0.5463764813126709,64.0,11.271032231818152,3.095601640838651,0
91104,28590.47,4471,CA,35918,93856.0,1938.0,13260,6099,LA,6.394647729814359,0.7959928169719918,0.4599547511312217,84.0,11.449527626340261,2.7087481146304677,0
91105,74452.95,12297,CA,12692,163253.0,1958.0,5647,2398,LA,6.054562088314222,5.866132209265679,0.42465025677350804,64.0,12.003062549135592,2.247565078802904,1
91106,28590.47,4471,CA,23813,91220.0,1969.0,10572,6904,LA,6.394647729814359,1.2006244488304707,0.6530457813091184,53.0,11.421040412713825,2.2524593265228905,4
91107,28590.47,4471,CA,32581,120822.0,1955.0,12675,4983,LA,6.394647729814359,0.8775197200822565,0.39313609467455624,67.0,11.702081943710569,2.570493096646943,4
91108,28590.47,4471,CA,12559,173312.0,1942.0,4004,706,LA,6.394647729814359,2.2764925551397406,0.17632367632367632,80.0,12.062854487316107,3.1366133866133867,2
91201,58350.89,9930,CA,22163,67102.0,1954.0,8014,5445,LA,5.876222557905337,2.632806479267247,0.6794359870227102,68.0,11.11398403134931,2.7655353132018967,5
91202,45862.48,7826,CA,22831,90232.0,1962.0,8825,5137,LA,5.860270891898799,2.0087810433182955,0.5820963172804533,60.0,11.41015049280112,2.5870821529745043,4
91203,13135.94,2482,CA,16679,70650.0,1984.0,6856,5479,LA,5.292481869460113,0.787573595539301,0.7991540256709452,38.0,11.165507542294172,2.432759626604434,4
91204,45862.48,7826,CA,18445,69102.0,1969.0,6536,6074,LA,5.860270891898799,2.486445107075088,0.9293145654834761,53.0,11.14335342415343,2.822062423500612,4
91205,45862.48,7826,CA,35755,58290.0,1962.0,13708,11568,LA,5.860270891898799,1.2826871766186547,0.843886781441494,60.0,10.973202986493744,2.6083309016632623,5
91206,74452.95,12297,CA,32294,85651.0,1968.0,12591,8082,LA,6.054562088314222,2.305473152907661,0.6418870621872766,54.0,11.358047854326108,2.5648479072353267,4
91207,13135.94,2482,CA,11091,106984.0,1955.0,3989,1700,LA,5.292481869460113,1.18437832476783,0.42617197292554526,67.0,11.580443916701052,2.780396089245425,0
91208,58350.89,9930,CA,15377,112485.0,1960.0,5919,2131,LA,5.876222557905337,3.794686219678741,0.3600270315931745,62.0,11.630584048438315,2.5979050515289743,1
91214,64448.44,10648,CA,32344,126175.0,1956.0,10590,2853,LA,6.05263335837716,1.9925933712589663,0.26940509915014166,66.0,11.745433036677353,3.054202077431539,2
91301,18585.96,2822,CA,25244,157582.0,1982.0,8846,1758,LA,6.586094968107725,0.7362525748692759,0.19873389102419173,40.0,11.967707582567439,2.8537191951164367,2
91302,51312.5,8166,CA,26318,172651.0,1983.0,9644,2698,LA,6.283676218466813,1.9497112242571624,0.27975943591870595,39.0,12.059033286880785,2.728950642886769,2
91303,32726.55,5344,CA,30611,77437.0,1983.0,10270,7934,LA,6.123980164670659,1.0691107771716049,0.7725413826679649,39.0,11.257232895170668,2.9806231742940605,4
91304,51312.5,8166,CA,54369,79673.0,1973.0,18276,9003,LA,6.283676218466813,0.9437823024149792,0.4926132632961261,49.0,11.285698588218382,2.9748850952068286,4
91306,32726.55,5344,CA,49460,82380.0,1963.0,14466,6311,LA,6.123980164670659,0.6616771128184391,0.4362643439789852,59.0,11.319110106785054,3.4190515691967374,3
91307,51312.5,8166,CA,25368,130877.0,1965.0,8527,1591,LA,6.283676218466813,2.0227254809208453,0.18658379265861383,57.0,11.782020870546221,2.975020523044447,2
91311,51312.5,8166,CA,40196,112172.0,1974.0,14220,4815,LA,6.283676218466813,1.2765573688924272,0.33860759493670883,48.0,11.62779760140064,2.8267229254571027,2
91316,32726.55,5344,CA,28497,85354.0,1968.0,12625,6254,LA,6.123980164670659,1.1484208864090957,0.49536633663366336,54.0,11.354574308814854,2.257188118811881,4
91320,18585.96,2822,CA,44138,143873.0,1979.0,15056,3658,LA,6.586094968107725,0.4210874983007839,0.2429596174282678,43.0,11.876693195522185,2.9315887353878853,2
91321,51312.5,8166,CA,34305,84503.0,1979.0,11068,4489,LA,6.283676218466813,1.4957732109022008,0.40558366461872064,43.0,11.344554149502999,3.099475966750994,4
91324,32726.55,5344,CA,29744,100086.0,1970.0,10084,5180,LA,6.123980164670659,1.1002740048413124,0.5136850456168187,52.0,11.513795086739586,2.9496231654105514,2
91325,32726.55,5344,CA,35537,83853.0,1969.0,12773,6966,LA,6.123980164670659,0.9209148211722993,0.5453691380255226,53.0,11.336832470347295,2.7821968214201833,4
91326,51312.5,8166,CA,36503,142170.0,1979.0,12719,3108,LA,6.283676218466813,1.4057063802975098,0.24435883324160704,43.0,11.864785837437742,2.8699583300573943,2
91331,51312.5,8166,CA,99804,76942.0,1959.0,22995,8500,LA,6.283676218466813,0.5141327000921807,0.36964557512502716,63.0,11.250820166968028,4.340247879973908,3
91335,32726.55,5344,CA,77158,74632.0,1963.0,24392,12458,LA,6.123980164670659,0.42414979652142354,0.5107412266316825,59.0,11.220338047629173,3.1632502459822893,3
91340,32726.55,5344,CA,34822,71664.0,1957.0,8685,3299,LA,6.123980164670659,0.93982396186319,0.3798503166378814,65.0,11.179757762357315,4.00944156591825,3
91342,51312.5,8166,CA,92580,89264.0,1976.0,24927,8203,LA,6.283676218466813,0.554250378051415,0.32908091627552455,46.0,11.399364752747061,3.7140450114333854,2
91343,32726.55,5344,CA,63193,77790.0,1969.0,18045,9105,LA,6.123980164670659,0.517882518633393,0.5045719035743973,53.0,11.26178102224096,3.5019673039623163,3
91344,51312.5,8166,CA,53862,111897.0,1963.0,17596,4835,LA,6.283676218466813,0.9526660725557907,0.2747783587178904,59.0,11.625343021039308,3.061036599227097,2
91345,32726.55,5344,CA,18481,93622.0,1958.0,5410,1348,LA,6.123980164670659,1.7708213841242357,0.2491682070240296,64.0,11.4470313587756,3.4160813308687614,2
91350,18585.96,2822,CA,42970,137626.0,1989.0,13223,2427,LA,6.586094968107725,0.43253339539213403,0.18354382515314224,33.0,11.832302406162803,3.2496407774332603,2
91351,18585.96,2822,CA,32677,104214.0,1983.0,10311,2665,LA,6.586094968107725,0.5687780395997184,0.25846183687324215,39.0,11.554211351875772,3.1691397536611388,2
91352,58350.89,9930,CA,45601,68132.0,1960.0,12175,5707,LA,5.876222557905337,1.2795967193701892,0.46874743326488705,62.0,11.129216956263702,3.7454620123203286,3
91354,18585.96,2822,CA,33039,145442.0,1999.0,10808,2241,LA,6.586094968107725,0.5625460819032053,0.20734641006661733,23.0,11.887539536261277,3.056902294596595,2
91355,18585.96,2822,CA,30289,109752.0,1984.0,11898,4222,LA,6.586094968107725,0.6136207864241143,0.3548495545469827,38.0,11.605987665415764,2.545721970079005,2
91356,51312.5,8166,CA,30599,105513.0,1972.0,11903,5061,LA,6.283676218466813,1.6769338867283246,0.4251869276652945,50.0,11.566598924516004,2.570696463076535,4
91360,18585.96,2822,CA,42444,111095.0,1972.0,15146,4935,LA,6.586094968107725,0.4378936952219395,0.3258286016109864,50.0,11.618149971379216,2.802324045952727,2
91361,18585.96,2822,CA,18753,127304.0,1976.0,7752,2356,LA,6.586094968107725,0.9910926251799712,0.30392156862745096,46.0,11.754341061071887,2.4191176470588234,2
91362,18585.96,2822,CA,36770,135998.0,1983.0,13856,4131,LA,6.586094968107725,0.505465324993201,0.2981379907621247,39.0,11.820402811749979,2.6537240184757507,2
91364,51312.5,8166,CA,28765,128306.0,1966.0,10308,3413,LA,6.283676218466813,1.7838519033547715,0.33110205665502523,56.0,11.762181108741283,2.7905510283275126,2
91367,51312.5,8166,CA,44862,106355.0,1974.0,18234,9309,LA,6.283676218466813,1.1437853862957514,0.510529779532741,48.0,11.574547236526397,2.460348798947022,4
91377,18585.96,2822,CA,13627,150898.0,1986.0,5015,1438,LA,6.586094968107725,1.3639069494386145,0.2867397806580259,36.0,11.924366017828747,2.717248255234297,2
91381,18585.96,2822,CA,20864,148873.0,1999.0,6817,2551,LA,6.586094968107725,0.8908148006134969,0.3742115299985331,23.0,11.910855589590541,3.0605838345313185,2
91384,18585.96,2822,CA,27652,127416.0,1991.0,7103,1071,LA,6.586094968107725,0.67213800086793,0.15078135998873715,31.0,11.755220451208723,3.893002956497255,2
91387,18585.96,2822,CA,46812,111090.0,1989.0,14036,5024,LA,6.586094968107725,0.39703409382209687,0.3579367341122827,33.0,11.618104964245578,3.335138216015959,2
91390,18585.96,2822,CA,18930,145465.0,1988.0,6194,782,LA,6.586094968107725,0.9818256735340729,0.1262512108492089,34.0,11.887697661311021,3.05618340329351,2
91401,32726.55,5344,CA,39179,72476.0,1966.0,14963,9890,LA,6.123980164670659,0.8353084560606447,0.6609637104858651,56.0,11.191024549131765,2.618392033683085,4
91402,32726.55,5344,CA,67937,55130.0,1971.0,20036,12842,LA,6.123980164670659,0.48171909268881463,0.6409462966660012,51.0,10.917467450363533,3.3907466560191657,3
91403,32726.55,5344,CA,25887,107970.0,1970.0,11923,6923,LA,6.123980164670659,1.264207903580948,0.5806424557577791,52.0,11.589617951530286,2.1711817495596746,4
91405,32726.55,5344,CA,55451,58365.0,1971.0,18370,13427,LA,6.123980164670659,0.5901886350110909,0.7309199782253675,51.0,10.974488807496055,3.018562874251497,4
91406,32726.55,5344,CA,53276,71819.0,1966.0,18792,11425,LA,6.123980164670659,0.6142831669044222,0.6079714772243507,56.0,11.181918267780073,2.8350361856108983,4
91411,32726.55,5344,CA,23689,73669.0,1971.0,9218,6483,LA,6.123980164670659,1.3815082949892354,0.7032978954220004,51.0,11.207350939676859,2.5698633109134303,4
91423,32726.55,5344,CA,31787,104205.0,1966.0,14902,9250,LA,6.123980164670659,1.029557680812911,0.6207220507314455,56.0,11.554124988217545,2.1330693866595087,4
91436,32726.55,5344,CA,16190,155346.0,1961.0,5965,1341,LA,6.123980164670659,2.021405188387894,0.2248113998323554,61.0,11.95341660340203,2.7141659681475274,2
91501,58350.89,9930,CA,18951,80198.0,1970.0,7731,4806,LA,5.876222557905337,3.0790401561922853,0.6216530849825378,52.0,11.292266324948939,2.451299961195188,4
91502,25624.34,4586,CA,12312,59711.0,1978.0,5585,5048,LA,5.58751417357174,2.0812491877842754,0.9038495971351835,44.0,10.997288284207016,2.2044762757385854,4
91504,45214.96,7448,CA,27479,99318.0,1959.0,10224,4585,LA,6.070751879699248,1.6454368790712908,0.4484546165884194,63.0,11.50609217110585,2.6876956181533647,4
91505,45214.96,7448,CA,32156,104361.0,1950.0,13017,7047,LA,6.070751879699248,1.4061127005846499,0.5413689790274256,72.0,11.555620903497847,2.470308058692479,4
91506,58350.89,9930,CA,19559,104009.0,1950.0,8103,3405,LA,5.876222557905337,2.9833268572012885,0.42021473528322845,72.0,11.552242327347178,2.4137973590028383,1
91601,45214.96,7448,CA,35615,73735.0,1975.0,17625,14626,LA,6.070751879699248,1.2695482240628948,0.8298439716312057,47.0,11.2082464256735,2.020709219858156,4
91602,45214.96,7448,CA,19980,93210.0,1971.0,10057,6810,LA,6.070751879699248,2.263011011011011,0.6771403002883564,51.0,11.442621019460265,1.9866759471015214,4
91604,32726.55,5344,CA,32073,132494.0,1972.0,14449,8093,LA,6.123980164670659,1.020376952576934,0.5601079659492006,50.0,11.794300187847343,2.2197383902000136,4
91605,45214.96,7448,CA,51654,61031.0,1965.0,16145,9798,LA,6.070751879699248,0.8753428582491192,0.6068751935583772,57.0,11.019153595770065,3.199380613192939,3
91606,45214.96,7448,CA,43552,64976.0,1961.0,15339,10135,LA,6.070751879699248,1.0381833210874356,0.6607340765369321,61.0,11.081788640105605,2.8392985201121324,4
91607,32726.55,5344,CA,30734,82995.0,1966.0,13751,9514,LA,6.123980164670659,1.064832107763389,0.6918769544033161,56.0,11.326547692846342,2.2350374518216856,4
91701,18585.96,2822,CA,39323,111745.0,1981.0,13098,2820,LA,6.586094968107725,0.47264857716857817,0.21530004580852038,41.0,11.623983717651743,3.002214078485265,2
91702,36764.76,5819,CA,62196,82382.0,1964.0,16947,7034,LA,6.318054648565046,0.5911113254871696,0.41505871245648196,58.0,11.319134383932976,3.6700300938219153,3
91706,36764.76,5819,CA,72495,76348.0,1962.0,18343,7400,LA,6.318054648565046,0.5071351127663977,0.4034236493485253,60.0,11.243070212984057,3.9521888458812624,3
91708,18585.96,2822,CA,15908,102150.0,2009.0,4702,2439,LA,6.586094968107725,1.1683404576313803,0.5187154402381965,13.0,11.53420738972306,3.383241173968524,2
91709,18585.96,2822,CA,78341,117603.0,1990.0,25192,7425,LA,6.586094968107725,0.2372443548078273,0.29473642426167035,32.0,11.675078327473656,3.109757065735154,2
91710,18585.96,2822,CA,81466,98099.0,1980.0,23254,7626,LA,6.586094968107725,0.22814376549726265,0.3279435795992087,42.0,11.493742645553455,3.5033112582781456,2
91711,18585.96,2822,CA,37542,115079.0,1966.0,12893,4459,LA,6.586094968107725,0.49507112034521333,0.34584658341735824,56.0,11.653382817665484,2.9118126114946095,2
91722,36764.76,5819,CA,34470,95157.0,1959.0,10024,3269,LA,6.318054648565046,1.0665726718885988,0.3261173184357542,63.0,11.463293946961898,3.4387470071827613,2
91723,18585.96,2822,CA,17964,82018.0,1960.0,6164,3769,LA,6.586094968107725,1.0346225784903138,0.6114536015574302,62.0,11.31470620672347,2.9143413367942896,4
91724,18585.96,2822,CA,28575,96720.0,1968.0,9052,2798,LA,6.586094968107725,0.6504272965879265,0.30910296067167475,54.0,11.479585824358468,3.156760936809545,2
91730,18585.96,2822,CA,71040,84850.0,1987.0,24998,12892,LA,6.586094968107725,0.2616266891891892,0.515721257700616,35.0,11.348652056096753,2.841827346187695,4
91731,18585.96,2822,CA,28201,57047.0,1964.0,8370,5514,LA,6.586094968107725,0.659053225062941,0.6587813620071684,58.0,10.95164829770814,3.369295101553166,3
91732,18585.96,2822,CA,58888,62047.0,1966.0,15614,8838,LA,6.586094968107725,0.31561540551555495,0.566030485461765,56.0,11.035663558042378,3.7714871269373638,3
91733,18585.96,2822,CA,42953,63883.0,1960.0,10952,6202,LA,6.586094968107725,0.4327045840802738,0.5662892622352081,62.0,11.0648242177762,3.9219320672023374,3
91737,18585.96,2822,CA,23108,112857.0,1985.0,7902,2304,LA,6.586094968107725,0.8043084646010039,0.29157175398633256,37.0,11.633885670295758,2.924322956213617,2
91739,18585.96,2822,CA,41319,138079.0,2003.0,11586,3125,LA,6.586094968107725,0.4498163072678429,0.2697220783704471,19.0,11.835588506317254,3.566286897980321,2
91740,18585.96,2822,CA,27131,96433.0,1965.0,8393,2914,LA,6.586094968107725,0.6850451513029375,0.34719409031335635,57.0,11.476614115511072,3.2325747646848564,2
91741,36764.76,5819,CA,26052,117252.0,1963.0,8703,2476,LA,6.318054648565046,1.411206817134961,0.28449959783982537,59.0,11.672089272335144,2.9934505342985176,2
91744,18585.96,2822,CA,79380,86290.0,1958.0,18445,5760,LA,6.586094968107725,0.23413907785336355,0.3122797506099214,64.0,11.365480584263572,4.303605313092979,3
91745,18585.96,2822,CA,55489,101427.0,1968.0,16388,4019,LA,6.586094968107725,0.3349485483609364,0.24524041981938002,54.0,11.527104466143498,3.3859531364412985,2
91746,18585.96,2822,CA,29429,83634.0,1957.0,7139,1787,LA,6.586094968107725,0.6315525502055795,0.25031517019190364,65.0,11.334217371746108,4.122286034458607,3
91748,18585.96,2822,CA,43851,83610.0,1975.0,13654,4868,LA,6.586094968107725,0.4238434699322706,0.3565255602753772,47.0,11.333930369364412,3.211586348322836,2
91750,18585.96,2822,CA,33436,103774.0,1975.0,12316,3878,LA,6.586094968107725,0.5558667304701519,0.3148749594024034,47.0,11.54998037292124,2.7148424813251055,2
91752,18585.96,2822,CA,37173,108779.0,1989.0,9679,3748,LA,6.586094968107725,0.49998547332741505,0.3872300857526604,33.0,11.597082772976952,3.8405827048248784,2
91754,51312.5,8166,CA,33937,83490.0,1960.0,11919,5423,LA,6.283676218466813,1.5119928102071485,0.45498783454987834,62.0,11.33249412059865,2.8473026260592333,2
91755,18585.96,2822,CA,26418,70459.0,1967.0,8466,4662,LA,6.586094968107725,0.7035339541221893,0.5506732813607371,55.0,11.16280045189523,3.1204819277108435,3
91761,18585.96,2822,CA,61837,89041.0,1984.0,17767,6060,LA,6.586094968107725,0.3005637401555703,0.341081780829628,38.0,11.396863447512079,3.480441267518433,2
91762,18585.96,2822,CA,62990,74245.0,1973.0,18412,8273,LA,6.586094968107725,0.29506207334497536,0.4493265261785792,49.0,11.215139183159923,3.421138388007821,3
91763,18585.96,2822,CA,37698,72997.0,1969.0,10096,4579,LA,6.586094968107725,0.49302244150883334,0.4535459587955626,53.0,11.198187322494942,3.7339540412044374,3
91764,18585.96,2822,CA,55311,71336.0,1976.0,16525,9125,LA,6.586094968107725,0.3360264685144004,0.5521936459909228,46.0,11.175170405884007,3.347110438729198,3
91765,18585.96,2822,CA,45303,105712.0,1979.0,15081,3448,LA,6.586094968107725,0.41025892325011587,0.22863205357734898,43.0,11.568483153888918,3.003978516013527,2
91766,18585.96,2822,CA,69517,72692.0,1971.0,19218,9060,LA,6.586094968107725,0.2673584878518923,0.47143303153293786,51.0,11.194000372778516,3.6172858778228743,3
91767,18585.96,2822,CA,50715,75870.0,1964.0,14736,6607,LA,6.586094968107725,0.3664785566400473,0.44835776330076005,58.0,11.236789808685486,3.441571661237785,3
91768,18585.96,2822,CA,35443,71462.0,1959.0,8407,3786,LA,6.586094968107725,0.5243901475608723,0.45033900321160936,63.0,11.176935112224328,4.215891518972285,3
91770,18585.96,2822,CA,59410,70863.0,1960.0,16458,7976,LA,6.586094968107725,0.312842282444033,0.4846275367602382,62.0,11.16851782616298,3.609794628751975,3
91773,18585.96,2822,CA,34066,101466.0,1975.0,11910,3500,LA,6.586094968107725,0.5455868020900605,0.2938706968933669,47.0,11.52748890144728,2.860285474391268,2
91775,18585.96,2822,CA,24169,107359.0,1955.0,8245,2849,LA,6.586094968107725,0.7689999586246845,0.3455427531837477,67.0,11.58394295220551,2.931352334748332,2
91776,18585.96,2822,CA,37340,77147.0,1961.0,11437,6587,LA,6.586094968107725,0.49774933047670056,0.5759377459123897,61.0,11.253480933929687,3.2648421788930664,3
91780,18585.96,2822,CA,35556,94946.0,1958.0,11617,4584,LA,6.586094968107725,0.522723590955113,0.3945941292932771,64.0,11.461074120164662,3.0606869243350263,2
91784,18585.96,2822,CA,26116,145496.0,1982.0,8853,1291,LA,6.586094968107725,0.7116694746515546,0.14582627357957753,40.0,11.887910746824417,2.9499604653789677,2
91786,18585.96,2822,CA,56025,81973.0,1975.0,19495,11041,LA,6.586094968107725,0.3317440428380187,0.5663503462426264,47.0,11.314157402797333,2.8738137984098486,4
91789,18585.96,2822,CA,41377,123555.0,1982.0,12698,2286,LA,6.586094968107725,0.44918577953935757,0.18002835092140496,40.0,11.724449773572278,3.2585446527012127,2
91790,18585.96,2822,CA,44855,97868.0,1958.0,12735,4696,LA,6.586094968107725,0.41435648199754765,0.36874754613270516,64.0,11.491385128732025,3.5221829603455044,2
91791,18585.96,2822,CA,33902,96470.0,1965.0,10793,3580,LA,6.586094968107725,0.5482260633590939,0.33169646993421664,57.0,11.476997724027738,3.1411099786898915,2
91792,18585.96,2822,CA,31208,94439.0,1975.0,9256,3938,LA,6.586094968107725,0.5955511407331453,0.42545375972342264,47.0,11.45571999119945,3.3716508210890233,2
91801,51312.5,8166,CA,53320,81580.0,1967.0,19985,12594,LA,6.283676218466813,0.9623499624906227,0.6301726294721041,55.0,11.309351670702771,2.668001000750563,4
91803,51312.5,8166,CA,29006,76694.0,1953.0,10100,5167,LA,6.283676218466813,1.769030545404399,0.5115841584158416,69.0,11.24759179618221,2.8718811881188118,0
